id,value
5/1/10,26.448105471744974
4/1/09,21.66078124873699
9/1/13,3.8964310884385758
1/1/06,2.080178475798266
2/1/07,8.190817512327953
8/1/12,15.1557850991044
6/1/14,22.97768282915918
3/1/08,14.06207581170831
12/1/04,-0.004492876139487036
7/1/11,19.800711407881337